{"stats":{"minecraft:dropped":{"minecraft:experience_bottle":1,"minecraft:gunpowder":1,"minecraft:black_concrete":1},"minecraft:picked_up":{"minecraft:rotten_flesh":2,"minecraft:gunpowder":1,"minecraft:black_concrete":1},"minecraft:custom":{"minecraft:jump":41,"minecraft:time_since_rest":14376,"minecraft:damage_dealt":60,"minecraft:crouch_one_cm":45,"minecraft:play_time":14376,"minecraft:open_enderchest":6,"minecraft:time_since_death":14376,"minecraft:walk_one_cm":54876,"minecraft:sneak_time":26,"minecraft:total_world_time":14376,"minecraft:drop":3,"minecraft:fly_one_cm":51104},"minecraft:used":{"minecraft:black_concrete":1,"minecraft:flint_and_steel":7,"minecraft:experience_bottle":16,"minecraft:obsidian":42}},"DataVersion":3465}