{"stats":{"minecraft:dropped":{"minecraft:black_concrete":3},"minecraft:custom":{"minecraft:time_since_rest":18984,"minecraft:crouch_one_cm":610,"minecraft:play_time":18984,"minecraft:sprint_one_cm":59291,"minecraft:open_enderchest":2,"minecraft:walk_one_cm":34349,"minecraft:sneak_time":1056,"minecraft:mob_kills":1,"minecraft:drop":3,"minecraft:jump":124,"minecraft:damage_dealt":140,"minecraft:leave_game":1,"minecraft:time_since_death":18984,"minecraft:total_world_time":18984,"minecraft:fly_one_cm":327500},"minecraft:picked_up":{"minecraft:dark_oak_door":1,"minecraft:experience_bottle":1,"minecraft:black_concrete":3},"minecraft:killed":{"minecraft:creeper":1},"minecraft:used":{"minecraft:oak_fence":1,"minecraft:trident":5,"minecraft:netherite_sword":3,"minecraft:black_concrete":2,"minecraft:dirt":1,"minecraft:grass_block":2,"minecraft:barrier":2,"minecraft:dark_oak_door":1,"minecraft:experience_bottle":20}},"DataVersion":3465}