{
  "minecraft:nether/explore_nether": {
    "criteria": {
      "minecraft:nether_wastes": "2024-10-20 03:48:23 +0000",
      "minecraft:warped_forest": "2024-10-20 03:48:29 +0000"
    },
    "done": false
  },
  "minecraft:nether/root": {
    "criteria": {
      "entered_nether": "2024-10-20 03:48:23 +0000"
    },
    "done": true
  },
  "minecraft:story/enter_the_nether": {
    "criteria": {
      "entered_nether": "2024-10-20 03:48:23 +0000"
    },
    "done": true
  },
  "minecraft:recipes/decorations/crafting_table": {
    "criteria": {
      "unlock_right_away": "2024-10-20 03:39:59 +0000"
    },
    "done": true
  },
  "minecraft:adventure/root": {
    "criteria": {
      "killed_something": "2024-10-20 03:47:14 +0000"
    },
    "done": true
  },
  "minecraft:adventure/kill_all_mobs": {
    "criteria": {
      "minecraft:creeper": "2024-10-20 03:47:14 +0000"
    },
    "done": false
  },
  "minecraft:adventure/kill_a_mob": {
    "criteria": {
      "minecraft:creeper": "2024-10-20 03:47:14 +0000"
    },
    "done": true
  },
  "minecraft:adventure/adventuring_time": {
    "criteria": {
      "minecraft:deep_ocean": "2024-10-20 03:50:56 +0000",
      "minecraft:bamboo_jungle": "2024-10-20 03:40:01 +0000",
      "minecraft:beach": "2024-10-20 03:48:10 +0000",
      "minecraft:river": "2024-10-20 03:48:54 +0000",
      "minecraft:cold_ocean": "2024-10-20 03:48:11 +0000",
      "minecraft:jungle": "2024-10-20 03:48:09 +0000"
    },
    "done": false
  },
  "DataVersion": 3465
}